-- MySQL dump 10.13  Distrib 8.0.20, for Win64 (x86_64)
--
-- Host: 127.0.0.1    Database: test
-- ------------------------------------------------------
-- Server version	8.0.20

/*!40101 SET @OLD_CHARACTER_SET_CLIENT=@@CHARACTER_SET_CLIENT */;
/*!40101 SET @OLD_CHARACTER_SET_RESULTS=@@CHARACTER_SET_RESULTS */;
/*!40101 SET @OLD_COLLATION_CONNECTION=@@COLLATION_CONNECTION */;
/*!50503 SET NAMES utf8 */;
/*!40103 SET @OLD_TIME_ZONE=@@TIME_ZONE */;
/*!40103 SET TIME_ZONE='+00:00' */;
/*!40014 SET @OLD_UNIQUE_CHECKS=@@UNIQUE_CHECKS, UNIQUE_CHECKS=0 */;
/*!40014 SET @OLD_FOREIGN_KEY_CHECKS=@@FOREIGN_KEY_CHECKS, FOREIGN_KEY_CHECKS=0 */;
/*!40101 SET @OLD_SQL_MODE=@@SQL_MODE, SQL_MODE='NO_AUTO_VALUE_ON_ZERO' */;
/*!40111 SET @OLD_SQL_NOTES=@@SQL_NOTES, SQL_NOTES=0 */;

--
-- Table structure for table `testtable`
--

DROP TABLE IF EXISTS `testtable`;
/*!40101 SET @saved_cs_client     = @@character_set_client */;
/*!50503 SET character_set_client = utf8mb4 */;
CREATE TABLE `testtable` (
  `TestPrimary` int NOT NULL AUTO_INCREMENT,
  `TestString` varchar(45) NOT NULL DEFAULT 'Test',
  `TestDate` date DEFAULT (curdate()),
  `TestDateTime` datetime NOT NULL DEFAULT CURRENT_TIMESTAMP,
  `TestBlob` blob,
  `TestDecimal` decimal(20,19) NOT NULL DEFAULT '1.0000000000000000000',
  `TestDouble` double NOT NULL DEFAULT '1',
  `TestFloat` float NOT NULL DEFAULT '1',
  `TestNull` varchar(45) DEFAULT NULL,
  `TestTime` time DEFAULT (curtime()),
  `TestTimeStamp` datetime DEFAULT CURRENT_TIMESTAMP,
  PRIMARY KEY (`TestPrimary`)
) ENGINE=InnoDB AUTO_INCREMENT=96 DEFAULT CHARSET=utf8mb4 COLLATE=utf8mb4_0900_ai_ci;
/*!40101 SET character_set_client = @saved_cs_client */;

--
-- Dumping data for table `testtable`
--

LOCK TABLES `testtable` WRITE;
/*!40000 ALTER TABLE `testtable` DISABLE KEYS */;
INSERT INTO `testtable` VALUES (5,'Test1','2021-04-24','2021-04-24 12:36:12',_binary '[Identity]\r\nid=Standard\r\nidentity=\"3Vze5/aUts94GKykSD57aVRn4ILXgeM0JdUnEOQAFweV0iQWNEand6IFteUC1fDEBXVVFgf3ZLdgEhQn0Gd2JoUFwIHxtZSgpDGVRFJSsuMRdHenVXDmFjBFhSWkN3EntfSnYAUlFwRUNJUUNJZ095cFczcGwxU3NGMS9kamlKM2JkSGVXQzJVajhaR2dRaTlaZ2xhUEhBPT0=\"\r\nnickname=Cryfact\r\nphonetic_nickname=\r\n',0.9261166364541820000,1,1,NULL,'12:36:12','2021-04-24 12:36:12'),(6,'Test2','2021-04-24','2021-04-24 12:36:12',_binary '[Identity]\r\nid=Standard\r\nidentity=\"3Vze5/aUts94GKykSD57aVRn4ILXgeM0JdUnEOQAFweV0iQWNEand6IFteUC1fDEBXVVFgf3ZLdgEhQn0Gd2JoUFwIHxtZSgpDGVRFJSsuMRdHenVXDmFjBFhSWkN3EntfSnYAUlFwRUNJUUNJZ095cFczcGwxU3NGMS9kamlKM2JkSGVXQzJVajhaR2dRaTlaZ2xhUEhBPT0=\"\r\nnickname=Cryfact\r\nphonetic_nickname=\r\n',1.0000000000000000000,1,1,NULL,'12:36:12','2021-04-24 12:36:12'),(7,'Test3','2021-04-24','2021-04-24 12:36:12',_binary '[General]\r\nwindowState=\"@ByteArray(\\0\\0\\0\\xff\\0\\0\\0\\0\\xfd\\0\\0\\0\\x3\\0\\0\\0\\0\\0\\0\\0\\0\\0\\0\\0\\0\\xfc\\x2\\0\\0\\0\\x1\\xfb\\0\\0\\0 \\0I\\0n\\0s\\0t\\0r\\0u\\0\\x63\\0t\\0i\\0o\\0n\\0s\\0V\\0i\\0\\x65\\0w\\x1\\0\\0\\0\\0\\xff\\xff\\xff\\xff\\0\\0\\0N\\0\\xff\\xff\\xff\\0\\0\\0\\x1\\0\\0\\0\\0\\0\\0\\0\\0\\xfc\\x2\\0\\0\\0\\x3\\xfb\\0\\0\\0\\x18\\0S\\0\\x65\\0\\x63\\0t\\0i\\0o\\0n\\0s\\0V\\0i\\0\\x65\\0w\\0\\0\\0\\0\\0\\xff\\xff\\xff\\xff\\0\\0\\0N\\0\\xff\\xff\\xff\\xfb\\0\\0\\0\\x16\\0S\\0y\\0m\\0\\x62\\0o\\0l\\0s\\0V\\0i\\0\\x65\\0w\\0\\0\\0\\0\\0\\xff\\xff\\xff\\xff\\0\\0\\0N\\0\\xff\\xff\\xff\\xfb\\0\\0\\0\\x1a\\0I\\0n\\0s\\0p\\0\\x65\\0\\x63\\0t\\0o\\0r\\0V\\0i\\0\\x65\\0w\\0\\0\\0\\0\\0\\xff\\xff\\xff\\xff\\0\\0\\0N\\0\\xff\\xff\\xff\\0\\0\\0\\x3\\0\\0\\0\\0\\0\\0\\0\\0\\xfc\\x1\\0\\0\\0\\x1\\xfb\\0\\0\\0\\xe\\0L\\0o\\0g\\0V\\0i\\0\\x65\\0w\\0\\0\\0\\0\\0\\xff\\xff\\xff\\xff\\0\\0\\0,\\0\\xff\\xff\\xff\\0\\0\\0\\0\\0\\0\\0\\0\\0\\0\\0\\x4\\0\\0\\0\\x4\\0\\0\\0\\b\\0\\0\\0\\b\\xfc\\0\\0\\0\\0)\"\r\ndecompileAutomatically=true\r\nInstructionsView.font=@Variant(\\0\\0\\0@\\0\\0\\0\\x1c\\0M\\0S\\0 \\0S\\0h\\0\\x65\\0l\\0l\\0 \\0\\x44\\0l\\0g\\0 \\0\\x32@ \\0\\0\\0\\0\\0\\0\\xff\\xff\\xff\\xff\\x5\\x1\\0\\x32\\x10)\r\nCxxView.font=@Variant(\\0\\0\\0@\\0\\0\\0\\x10\\0\\x43\\0o\\0n\\0s\\0o\\0l\\0\\x61\\0s@\\\"\\0\\0\\0\\0\\0\\0\\xff\\xff\\xff\\xff\\x5\\x1\\0\\x32\\x10)\r\nSectionsView.font=@Variant(\\0\\0\\0@\\0\\0\\0\\x1c\\0M\\0S\\0 \\0S\\0h\\0\\x65\\0l\\0l\\0 \\0\\x44\\0l\\0g\\0 \\0\\x32@ \\0\\0\\0\\0\\0\\0\\xff\\xff\\xff\\xff\\x5\\x1\\0\\x32\\x10)\r\nSymbolsView.font=@Variant(\\0\\0\\0@\\0\\0\\0\\x1c\\0M\\0S\\0 \\0S\\0h\\0\\x65\\0l\\0l\\0 \\0\\x44\\0l\\0g\\0 \\0\\x32@ \\0\\0\\0\\0\\0\\0\\xff\\xff\\xff\\xff\\x5\\x1\\0\\x32\\x10)\r\nLogView.font=@Variant(\\0\\0\\0@\\0\\0\\0\\x1c\\0M\\0S\\0 \\0S\\0h\\0\\x65\\0l\\0l\\0 \\0\\x44\\0l\\0g\\0 \\0\\x32@ \\0\\0\\0\\0\\0\\0\\xff\\xff\\xff\\xff\\x5\\x1\\0\\x32\\x10)\r\n',0.7582342064744950000,1,1,NULL,'12:36:12','2021-04-24 12:36:12');
/*!40000 ALTER TABLE `testtable` ENABLE KEYS */;
UNLOCK TABLES;

--
-- Table structure for table `testtable2`
--

DROP TABLE IF EXISTS `testtable2`;
/*!40101 SET @saved_cs_client     = @@character_set_client */;
/*!50503 SET character_set_client = utf8mb4 */;
CREATE TABLE `testtable2` (
  `TestPrimary2` int NOT NULL AUTO_INCREMENT,
  `TestForeign` int DEFAULT NULL,
  PRIMARY KEY (`TestPrimary2`),
  KEY `TestForeign_idx` (`TestForeign`),
  CONSTRAINT `TestForeign` FOREIGN KEY (`TestForeign`) REFERENCES `testtable` (`TestPrimary`)
) ENGINE=InnoDB AUTO_INCREMENT=70 DEFAULT CHARSET=utf8mb4 COLLATE=utf8mb4_0900_ai_ci;
/*!40101 SET character_set_client = @saved_cs_client */;

--
-- Dumping data for table `testtable2`
--

LOCK TABLES `testtable2` WRITE;
/*!40000 ALTER TABLE `testtable2` DISABLE KEYS */;
INSERT INTO `testtable2` VALUES (7,5),(3,6),(2,7);
/*!40000 ALTER TABLE `testtable2` ENABLE KEYS */;
UNLOCK TABLES;

--
-- Table structure for table `testtable3`
--

DROP TABLE IF EXISTS `testtable3`;
/*!40101 SET @saved_cs_client     = @@character_set_client */;
/*!50503 SET character_set_client = utf8mb4 */;
CREATE TABLE `testtable3` (
  `PrimaryKey` int NOT NULL AUTO_INCREMENT,
  `Test2` int DEFAULT NULL,
  PRIMARY KEY (`PrimaryKey`),
  KEY `Test_idx` (`Test2`),
  CONSTRAINT `Test` FOREIGN KEY (`Test2`) REFERENCES `testtable2` (`TestPrimary2`)
) ENGINE=InnoDB AUTO_INCREMENT=35 DEFAULT CHARSET=utf8mb4 COLLATE=utf8mb4_0900_ai_ci;
/*!40101 SET character_set_client = @saved_cs_client */;

--
-- Dumping data for table `testtable3`
--

LOCK TABLES `testtable3` WRITE;
/*!40000 ALTER TABLE `testtable3` DISABLE KEYS */;
INSERT INTO `testtable3` VALUES (1,2),(2,3);
/*!40000 ALTER TABLE `testtable3` ENABLE KEYS */;
UNLOCK TABLES;

--
-- Table structure for table `testtable4`
--

DROP TABLE IF EXISTS `testtable4`;
/*!40101 SET @saved_cs_client     = @@character_set_client */;
/*!50503 SET character_set_client = utf8mb4 */;
CREATE TABLE `testtable4` (
  `PrimaryKey` int NOT NULL AUTO_INCREMENT,
  `Table3` int DEFAULT NULL,
  `Table4` int DEFAULT NULL,
  PRIMARY KEY (`PrimaryKey`),
  KEY `Table3Foreign_idx` (`Table3`),
  CONSTRAINT `Table3Foreign` FOREIGN KEY (`Table3`) REFERENCES `testtable3` (`PrimaryKey`)
) ENGINE=InnoDB AUTO_INCREMENT=13 DEFAULT CHARSET=utf8mb4 COLLATE=utf8mb4_0900_ai_ci;
/*!40101 SET character_set_client = @saved_cs_client */;

--
-- Dumping data for table `testtable4`
--

LOCK TABLES `testtable4` WRITE;
/*!40000 ALTER TABLE `testtable4` DISABLE KEYS */;
INSERT INTO `testtable4` VALUES (1,1,2),(2,1,2),(3,1,1),(4,1,1),(9,2,2),(10,2,2),(11,2,3),(12,2,3);
/*!40000 ALTER TABLE `testtable4` ENABLE KEYS */;
UNLOCK TABLES;

--
-- Table structure for table `testtable5`
--

DROP TABLE IF EXISTS `testtable5`;
/*!40101 SET @saved_cs_client     = @@character_set_client */;
/*!50503 SET character_set_client = utf8mb4 */;
CREATE TABLE `testtable5` (
  `PrimaryKey` int NOT NULL AUTO_INCREMENT,
  `Table5` int DEFAULT NULL,
  PRIMARY KEY (`PrimaryKey`),
  KEY `Table5_idx` (`Table5`)
) ENGINE=InnoDB AUTO_INCREMENT=5 DEFAULT CHARSET=utf8mb4 COLLATE=utf8mb4_0900_ai_ci;
/*!40101 SET character_set_client = @saved_cs_client */;

--
-- Dumping data for table `testtable5`
--

LOCK TABLES `testtable5` WRITE;
/*!40000 ALTER TABLE `testtable5` DISABLE KEYS */;
INSERT INTO `testtable5` VALUES (1,1),(2,1),(3,2),(4,2);
/*!40000 ALTER TABLE `testtable5` ENABLE KEYS */;
UNLOCK TABLES;

--
-- Table structure for table `testtable6`
--

DROP TABLE IF EXISTS `testtable6`;
/*!40101 SET @saved_cs_client     = @@character_set_client */;
/*!50503 SET character_set_client = utf8mb4 */;
CREATE TABLE `testtable6` (
  `PrimaryKey` int NOT NULL AUTO_INCREMENT,
  `CurrentTime` datetime DEFAULT CURRENT_TIMESTAMP,
  `TestString` varchar(45) DEFAULT 'TEST',
  PRIMARY KEY (`PrimaryKey`)
) ENGINE=InnoDB AUTO_INCREMENT=500 DEFAULT CHARSET=utf8mb4 COLLATE=utf8mb4_0900_ai_ci;
/*!40101 SET character_set_client = @saved_cs_client */;

--
-- Dumping data for table `testtable6`
--

LOCK TABLES `testtable6` WRITE;
/*!40000 ALTER TABLE `testtable6` DISABLE KEYS */;
INSERT INTO `testtable6` VALUES (1,'2021-05-01 22:27:25','1'),(2,'2021-05-01 22:27:25','2'),(3,'2021-05-01 22:27:25','3'),(4,'2021-05-01 22:27:25','4'),(5,'2021-05-01 22:27:25','5'),(6,'2021-05-01 22:27:25','6'),(7,'2021-05-01 22:27:25','7'),(8,'2021-05-01 22:27:25','8'),(9,'2021-05-01 22:27:25','9'),(10,'2021-05-01 22:27:25','10'),(11,'2021-05-01 22:27:25','11'),(12,'2021-05-01 22:27:25','12'),(13,'2021-05-01 22:27:25','13'),(14,'2021-05-01 22:27:25','14'),(15,'2021-05-01 22:27:25','15'),(16,'2021-05-01 22:27:25','16'),(17,'2021-05-01 22:27:25','17'),(18,'2021-05-01 22:27:25','18'),(19,'2021-05-01 22:27:25','19'),(20,'2021-05-01 22:27:25','20'),(21,'2021-05-01 22:27:25','21'),(22,'2021-05-01 22:27:25','22'),(23,'2021-05-01 22:27:25','23'),(24,'2021-05-01 22:27:25','24'),(25,'2021-05-01 22:27:25','25'),(26,'2021-05-01 22:27:25','26'),(27,'2021-05-01 22:27:25','27'),(28,'2021-05-01 22:27:25','28'),(29,'2021-05-01 22:27:25','29'),(30,'2021-05-01 22:27:25','30'),(31,'2021-05-01 22:27:25','31'),(32,'2021-05-01 22:27:25','32'),(33,'2021-05-01 22:27:25','33'),(34,'2021-05-01 22:27:25','34'),(35,'2021-05-01 22:27:25','35'),(36,'2021-05-01 22:27:25','36'),(37,'2021-05-01 22:27:25','37'),(38,'2021-05-01 22:27:25','38'),(39,'2021-05-01 22:27:25','39'),(40,'2021-05-01 22:27:25','40'),(41,'2021-05-01 22:27:25','41'),(42,'2021-05-01 22:27:25','42'),(43,'2021-05-01 22:27:25','43'),(44,'2021-05-01 22:27:25','44'),(45,'2021-05-01 22:27:25','45'),(46,'2021-05-01 22:27:25','46'),(47,'2021-05-01 22:27:25','47'),(48,'2021-05-01 22:27:25','48'),(49,'2021-05-01 22:27:25','49'),(50,'2021-05-01 22:27:25','50'),(51,'2021-05-01 22:27:25','51'),(52,'2021-05-01 22:27:25','52'),(53,'2021-05-01 22:27:25','53'),(54,'2021-05-01 22:27:25','54'),(55,'2021-05-01 22:27:25','55'),(56,'2021-05-01 22:27:25','56'),(57,'2021-05-01 22:27:25','57'),(58,'2021-05-01 22:27:25','58'),(59,'2021-05-01 22:27:25','59'),(60,'2021-05-01 22:27:25','60'),(61,'2021-05-01 22:27:25','61'),(62,'2021-05-01 22:27:25','62'),(63,'2021-05-01 22:27:25','63'),(64,'2021-05-01 22:27:25','64'),(65,'2021-05-01 22:27:25','65'),(66,'2021-05-01 22:27:25','66'),(67,'2021-05-01 22:27:25','67'),(68,'2021-05-01 22:27:25','68'),(69,'2021-05-01 22:27:25','69'),(70,'2021-05-01 22:27:25','70'),(71,'2021-05-01 22:27:25','71'),(72,'2021-05-01 22:27:25','72'),(73,'2021-05-01 22:27:25','73'),(74,'2021-05-01 22:27:25','74'),(75,'2021-05-01 22:27:25','75'),(76,'2021-05-01 22:27:25','76'),(77,'2021-05-01 22:27:25','77'),(78,'2021-05-01 22:27:25','78'),(79,'2021-05-01 22:27:25','79'),(80,'2021-05-01 22:27:25','80'),(81,'2021-05-01 22:27:25','81'),(82,'2021-05-01 22:27:25','82'),(83,'2021-05-01 22:27:25','83'),(84,'2021-05-01 22:27:25','84'),(85,'2021-05-01 22:27:25','85'),(86,'2021-05-01 22:27:25','86'),(87,'2021-05-01 22:27:25','87'),(88,'2021-05-01 22:27:25','88'),(89,'2021-05-01 22:27:25','89'),(90,'2021-05-01 22:27:25','90'),(91,'2021-05-01 22:27:25','91'),(92,'2021-05-01 22:27:25','92'),(93,'2021-05-01 22:27:25','93'),(94,'2021-05-01 22:27:25','94'),(95,'2021-05-01 22:27:25','95'),(96,'2021-05-01 22:27:25','96'),(97,'2021-05-01 22:27:25','97'),(98,'2021-05-01 22:27:25','98'),(99,'2021-05-01 22:27:25','99'),(100,'2021-05-01 22:27:25','100'),(101,'2021-05-01 22:27:25','101'),(102,'2021-05-01 22:27:25','102'),(103,'2021-05-01 22:27:25','103'),(104,'2021-05-01 22:27:25','104'),(105,'2021-05-01 22:27:25','105'),(106,'2021-05-01 22:27:25','106'),(107,'2021-05-01 22:27:25','107'),(108,'2021-05-01 22:27:25','108'),(109,'2021-05-01 22:27:25','109'),(110,'2021-05-01 22:27:25','110'),(111,'2021-05-01 22:27:25','111'),(112,'2021-05-01 22:27:25','112'),(113,'2021-05-01 22:27:25','113'),(114,'2021-05-01 22:27:25','114'),(115,'2021-05-01 22:27:25','115'),(116,'2021-05-01 22:27:25','116'),(117,'2021-05-01 22:27:25','117'),(118,'2021-05-01 22:27:25','118'),(119,'2021-05-01 22:27:25','119'),(120,'2021-05-01 22:27:25','120'),(121,'2021-05-01 22:27:25','121'),(122,'2021-05-01 22:27:25','122'),(123,'2021-05-01 22:27:25','123'),(124,'2021-05-01 22:27:25','124'),(125,'2021-05-01 22:27:25','125'),(126,'2021-05-01 22:27:25','126'),(127,'2021-05-01 22:27:25','127'),(128,'2021-05-01 22:27:25','128'),(129,'2021-05-01 22:27:25','129'),(130,'2021-05-01 22:27:25','130'),(131,'2021-05-01 22:27:25','131'),(132,'2021-05-01 22:27:25','132'),(133,'2021-05-01 22:27:25','133'),(134,'2021-05-01 22:27:25','134'),(135,'2021-05-01 22:27:25','135'),(136,'2021-05-01 22:27:25','136'),(137,'2021-05-01 22:27:25','137'),(138,'2021-05-01 22:27:25','138'),(139,'2021-05-01 22:27:25','139'),(140,'2021-05-01 22:27:25','140'),(141,'2021-05-01 22:27:25','141'),(142,'2021-05-01 22:27:25','142'),(143,'2021-05-01 22:27:25','143'),(144,'2021-05-01 22:27:25','144'),(145,'2021-05-01 22:27:25','145'),(146,'2021-05-01 22:27:25','146'),(147,'2021-05-01 22:27:25','147'),(148,'2021-05-01 22:27:25','148'),(149,'2021-05-01 22:27:25','149'),(150,'2021-05-01 22:27:25','150'),(151,'2021-05-01 22:27:25','151'),(152,'2021-05-01 22:27:25','152'),(153,'2021-05-01 22:27:25','153'),(154,'2021-05-01 22:27:25','154'),(155,'2021-05-01 22:27:25','155'),(156,'2021-05-01 22:27:25','156'),(157,'2021-05-01 22:27:25','157'),(158,'2021-05-01 22:27:25','158'),(159,'2021-05-01 22:27:25','159'),(160,'2021-05-01 22:27:25','160'),(161,'2021-05-01 22:27:25','161'),(162,'2021-05-01 22:27:25','162'),(163,'2021-05-01 22:27:25','163'),(164,'2021-05-01 22:27:25','164'),(165,'2021-05-01 22:27:25','165'),(166,'2021-05-01 22:27:25','166'),(167,'2021-05-01 22:27:25','167'),(168,'2021-05-01 22:27:25','168'),(169,'2021-05-01 22:27:25','169'),(170,'2021-05-01 22:27:25','170'),(171,'2021-05-01 22:27:25','171'),(172,'2021-05-01 22:27:25','172'),(173,'2021-05-01 22:27:25','173'),(174,'2021-05-01 22:27:25','174'),(175,'2021-05-01 22:27:25','175'),(176,'2021-05-01 22:27:25','176'),(177,'2021-05-01 22:27:25','177'),(178,'2021-05-01 22:27:25','178'),(179,'2021-05-01 22:27:25','179'),(180,'2021-05-01 22:27:25','180'),(181,'2021-05-01 22:27:25','181'),(182,'2021-05-01 22:27:25','182'),(183,'2021-05-01 22:27:25','183'),(184,'2021-05-01 22:27:25','184'),(185,'2021-05-01 22:27:25','185'),(186,'2021-05-01 22:27:25','186'),(187,'2021-05-01 22:27:25','187'),(188,'2021-05-01 22:27:25','188'),(189,'2021-05-01 22:27:25','189'),(190,'2021-05-01 22:27:25','190'),(191,'2021-05-01 22:27:25','191'),(192,'2021-05-01 22:27:25','192'),(193,'2021-05-01 22:27:25','193'),(194,'2021-05-01 22:27:25','194'),(195,'2021-05-01 22:27:25','195'),(196,'2021-05-01 22:27:25','196'),(197,'2021-05-01 22:27:25','197'),(198,'2021-05-01 22:27:25','198'),(199,'2021-05-01 22:27:25','199'),(200,'2021-05-01 22:27:25','200'),(201,'2021-05-01 22:27:25','201'),(202,'2021-05-01 22:27:25','202'),(203,'2021-05-01 22:27:25','203'),(204,'2021-05-01 22:27:25','204'),(205,'2021-05-01 22:27:25','205'),(206,'2021-05-01 22:27:25','206'),(207,'2021-05-01 22:27:25','207'),(208,'2021-05-01 22:27:25','208'),(209,'2021-05-01 22:27:25','209'),(210,'2021-05-01 22:27:25','210'),(211,'2021-05-01 22:27:25','211'),(212,'2021-05-01 22:27:25','212'),(213,'2021-05-01 22:27:25','213'),(214,'2021-05-01 22:27:25','214'),(215,'2021-05-01 22:27:25','215'),(216,'2021-05-01 22:27:25','216'),(217,'2021-05-01 22:27:25','217'),(218,'2021-05-01 22:27:25','218'),(219,'2021-05-01 22:27:25','219'),(220,'2021-05-01 22:27:25','220'),(221,'2021-05-01 22:27:25','221'),(222,'2021-05-01 22:27:25','222'),(223,'2021-05-01 22:27:25','223'),(224,'2021-05-01 22:27:25','224'),(225,'2021-05-01 22:27:25','225'),(226,'2021-05-01 22:27:25','226'),(227,'2021-05-01 22:27:25','227'),(228,'2021-05-01 22:27:25','228'),(229,'2021-05-01 22:27:25','229'),(230,'2021-05-01 22:27:25','230'),(231,'2021-05-01 22:27:25','231'),(232,'2021-05-01 22:27:25','232'),(233,'2021-05-01 22:27:25','233'),(234,'2021-05-01 22:27:25','234'),(235,'2021-05-01 22:27:25','235'),(236,'2021-05-01 22:27:25','236'),(237,'2021-05-01 22:27:25','237'),(238,'2021-05-01 22:27:25','238'),(239,'2021-05-01 22:27:25','239'),(240,'2021-05-01 22:27:25','240'),(241,'2021-05-01 22:27:25','241'),(242,'2021-05-01 22:27:25','242'),(243,'2021-05-01 22:27:25','243'),(244,'2021-05-01 22:27:25','244'),(245,'2021-05-01 22:27:25','245'),(246,'2021-05-01 22:27:25','246'),(247,'2021-05-01 22:27:25','247'),(248,'2021-05-01 22:27:25','248'),(249,'2021-05-01 22:27:25','249'),(250,'2021-05-01 22:27:25','250'),(251,'2021-05-01 22:27:25','251'),(252,'2021-05-01 22:27:25','252'),(253,'2021-05-01 22:27:25','253'),(254,'2021-05-01 22:27:25','254'),(255,'2021-05-01 22:27:25','255'),(256,'2021-05-01 22:27:25','256'),(257,'2021-05-01 22:27:25','257'),(258,'2021-05-01 22:27:25','258'),(259,'2021-05-01 22:27:25','259'),(260,'2021-05-01 22:27:25','260'),(261,'2021-05-01 22:27:25','261'),(262,'2021-05-01 22:27:25','262'),(263,'2021-05-01 22:27:25','263'),(264,'2021-05-01 22:27:25','264'),(265,'2021-05-01 22:27:25','265'),(266,'2021-05-01 22:27:25','266'),(267,'2021-05-01 22:27:25','267'),(268,'2021-05-01 22:27:25','268'),(269,'2021-05-01 22:27:25','269'),(270,'2021-05-01 22:27:25','270'),(271,'2021-05-01 22:27:25','271'),(272,'2021-05-01 22:27:25','272'),(273,'2021-05-01 22:27:25','273'),(274,'2021-05-01 22:27:25','274'),(275,'2021-05-01 22:27:25','275'),(276,'2021-05-01 22:27:25','276'),(277,'2021-05-01 22:27:25','277'),(278,'2021-05-01 22:27:25','278'),(279,'2021-05-01 22:27:25','279'),(280,'2021-05-01 22:27:25','280'),(281,'2021-05-01 22:27:25','281'),(282,'2021-05-01 22:27:25','282'),(283,'2021-05-01 22:27:25','283'),(284,'2021-05-01 22:27:25','284'),(285,'2021-05-01 22:27:25','285'),(286,'2021-05-01 22:27:25','286'),(287,'2021-05-01 22:27:25','287'),(288,'2021-05-01 22:27:25','288'),(289,'2021-05-01 22:27:25','289'),(290,'2021-05-01 22:27:25','290'),(291,'2021-05-01 22:27:25','291'),(292,'2021-05-01 22:27:25','292'),(293,'2021-05-01 22:27:25','293'),(294,'2021-05-01 22:27:25','294'),(295,'2021-05-01 22:27:25','295'),(296,'2021-05-01 22:27:25','296'),(297,'2021-05-01 22:27:25','297'),(298,'2021-05-01 22:27:25','298'),(299,'2021-05-01 22:27:25','299'),(300,'2021-05-01 22:27:25','300'),(301,'2021-05-01 22:27:25','301'),(302,'2021-05-01 22:27:25','302'),(303,'2021-05-01 22:27:25','303'),(304,'2021-05-01 22:27:25','304'),(305,'2021-05-01 22:27:25','305'),(306,'2021-05-01 22:27:25','306'),(307,'2021-05-01 22:27:25','307'),(308,'2021-05-01 22:27:25','308'),(309,'2021-05-01 22:27:25','309'),(310,'2021-05-01 22:27:25','310'),(311,'2021-05-01 22:27:25','311'),(312,'2021-05-01 22:27:25','312'),(313,'2021-05-01 22:27:25','313'),(314,'2021-05-01 22:27:25','314'),(315,'2021-05-01 22:27:25','315'),(316,'2021-05-01 22:27:25','316'),(317,'2021-05-01 22:27:25','317'),(318,'2021-05-01 22:27:25','318'),(319,'2021-05-01 22:27:25','319'),(320,'2021-05-01 22:27:25','320'),(321,'2021-05-01 22:27:25','321'),(322,'2021-05-01 22:27:25','322'),(323,'2021-05-01 22:27:25','323'),(324,'2021-05-01 22:27:25','324'),(325,'2021-05-01 22:27:25','325'),(326,'2021-05-01 22:27:25','326'),(327,'2021-05-01 22:27:25','327'),(328,'2021-05-01 22:27:25','328'),(329,'2021-05-01 22:27:25','329'),(330,'2021-05-01 22:27:25','330'),(331,'2021-05-01 22:27:25','331'),(332,'2021-05-01 22:27:25','332'),(333,'2021-05-01 22:27:25','333'),(334,'2021-05-01 22:27:25','334'),(335,'2021-05-01 22:27:25','335'),(336,'2021-05-01 22:27:25','336'),(337,'2021-05-01 22:27:25','337'),(338,'2021-05-01 22:27:25','338'),(339,'2021-05-01 22:27:25','339'),(340,'2021-05-01 22:27:25','340'),(341,'2021-05-01 22:27:25','341'),(342,'2021-05-01 22:27:25','342'),(343,'2021-05-01 22:27:25','343'),(344,'2021-05-01 22:27:25','344'),(345,'2021-05-01 22:27:25','345'),(346,'2021-05-01 22:27:25','346'),(347,'2021-05-01 22:27:25','347'),(348,'2021-05-01 22:27:25','348'),(349,'2021-05-01 22:27:25','349'),(350,'2021-05-01 22:27:25','350'),(351,'2021-05-01 22:27:25','351'),(352,'2021-05-01 22:27:25','352'),(353,'2021-05-01 22:27:25','353'),(354,'2021-05-01 22:27:25','354'),(355,'2021-05-01 22:27:25','355'),(356,'2021-05-01 22:27:25','356'),(357,'2021-05-01 22:27:25','357'),(358,'2021-05-01 22:27:25','358'),(359,'2021-05-01 22:27:25','359'),(360,'2021-05-01 22:27:25','360'),(361,'2021-05-01 22:27:25','361'),(362,'2021-05-01 22:27:25','362'),(363,'2021-05-01 22:27:25','363'),(364,'2021-05-01 22:27:25','364'),(365,'2021-05-01 22:27:25','365'),(366,'2021-05-01 22:27:25','366'),(367,'2021-05-01 22:27:25','367'),(368,'2021-05-01 22:27:25','368'),(369,'2021-05-01 22:27:25','369'),(370,'2021-05-01 22:27:25','370'),(371,'2021-05-01 22:27:25','371'),(372,'2021-05-01 22:27:25','372'),(373,'2021-05-01 22:27:25','373'),(374,'2021-05-01 22:27:25','374'),(375,'2021-05-01 22:27:25','375'),(376,'2021-05-01 22:27:25','376'),(377,'2021-05-01 22:27:25','377'),(378,'2021-05-01 22:27:25','378'),(379,'2021-05-01 22:27:25','379'),(380,'2021-05-01 22:27:25','380'),(381,'2021-05-01 22:27:25','381'),(382,'2021-05-01 22:27:25','382'),(383,'2021-05-01 22:27:25','383'),(384,'2021-05-01 22:27:25','384'),(385,'2021-05-01 22:27:25','385'),(386,'2021-05-01 22:27:25','386'),(387,'2021-05-01 22:27:25','387'),(388,'2021-05-01 22:27:25','388'),(389,'2021-05-01 22:27:25','389'),(390,'2021-05-01 22:27:25','390'),(391,'2021-05-01 22:27:25','391'),(392,'2021-05-01 22:27:25','392'),(393,'2021-05-01 22:27:25','393'),(394,'2021-05-01 22:27:25','394'),(395,'2021-05-01 22:27:25','395'),(396,'2021-05-01 22:27:25','396'),(397,'2021-05-01 22:27:25','397'),(398,'2021-05-01 22:27:25','398'),(399,'2021-05-01 22:27:25','399'),(400,'2021-05-01 22:27:25','400'),(401,'2021-05-01 22:27:25','401'),(402,'2021-05-01 22:27:25','402'),(403,'2021-05-01 22:27:25','403'),(404,'2021-05-01 22:27:25','404'),(405,'2021-05-01 22:27:25','405'),(406,'2021-05-01 22:27:25','406'),(407,'2021-05-01 22:27:25','407'),(408,'2021-05-01 22:27:25','408'),(409,'2021-05-01 22:27:25','409'),(410,'2021-05-01 22:27:25','410'),(411,'2021-05-01 22:27:25','411'),(412,'2021-05-01 22:27:25','412'),(413,'2021-05-01 22:27:25','413'),(414,'2021-05-01 22:27:25','414'),(415,'2021-05-01 22:27:25','415'),(416,'2021-05-01 22:27:25','416'),(417,'2021-05-01 22:27:25','417'),(418,'2021-05-01 22:27:25','418'),(419,'2021-05-01 22:27:25','419'),(420,'2021-05-01 22:27:25','420'),(421,'2021-05-01 22:27:25','421'),(422,'2021-05-01 22:27:25','422'),(423,'2021-05-01 22:27:25','423'),(424,'2021-05-01 22:27:25','424'),(425,'2021-05-01 22:27:25','425'),(426,'2021-05-01 22:27:25','426'),(427,'2021-05-01 22:27:25','427'),(428,'2021-05-01 22:27:25','428'),(429,'2021-05-01 22:27:25','429'),(430,'2021-05-01 22:27:25','430'),(431,'2021-05-01 22:27:25','431'),(432,'2021-05-01 22:27:25','432'),(433,'2021-05-01 22:27:25','433'),(434,'2021-05-01 22:27:25','434'),(435,'2021-05-01 22:27:25','435'),(436,'2021-05-01 22:27:25','436'),(437,'2021-05-01 22:27:25','437'),(438,'2021-05-01 22:27:25','438'),(439,'2021-05-01 22:27:25','439'),(440,'2021-05-01 22:27:25','440'),(441,'2021-05-01 22:27:25','441'),(442,'2021-05-01 22:27:25','442'),(443,'2021-05-01 22:27:25','443'),(444,'2021-05-01 22:27:25','444'),(445,'2021-05-01 22:27:25','445'),(446,'2021-05-01 22:27:25','446'),(447,'2021-05-01 22:27:25','447'),(448,'2021-05-01 22:27:25','448'),(449,'2021-05-01 22:27:25','449'),(450,'2021-05-01 22:27:25','450'),(451,'2021-05-01 22:27:25','451'),(452,'2021-05-01 22:27:25','452'),(453,'2021-05-01 22:27:25','453'),(454,'2021-05-01 22:27:25','454'),(455,'2021-05-01 22:27:25','455'),(456,'2021-05-01 22:27:25','456'),(457,'2021-05-01 22:27:25','457'),(458,'2021-05-01 22:27:25','458'),(459,'2021-05-01 22:27:25','459'),(460,'2021-05-01 22:27:25','460'),(461,'2021-05-01 22:27:25','461'),(462,'2021-05-01 22:27:25','462'),(463,'2021-05-01 22:27:25','463'),(464,'2021-05-01 22:27:25','464'),(465,'2021-05-01 22:27:25','465'),(466,'2021-05-01 22:27:25','466'),(467,'2021-05-01 22:27:25','467'),(468,'2021-05-01 22:27:25','468'),(469,'2021-05-01 22:27:25','469'),(470,'2021-05-01 22:27:25','470'),(471,'2021-05-01 22:27:25','471'),(472,'2021-05-01 22:27:25','472'),(473,'2021-05-01 22:27:25','473'),(474,'2021-05-01 22:27:25','474'),(475,'2021-05-01 22:27:25','475'),(476,'2021-05-01 22:27:25','476'),(477,'2021-05-01 22:27:25','477'),(478,'2021-05-01 22:27:25','478'),(479,'2021-05-01 22:27:25','479'),(480,'2021-05-01 22:27:25','480'),(481,'2021-05-01 22:27:25','481'),(482,'2021-05-01 22:27:25','482'),(483,'2021-05-01 22:27:25','483'),(484,'2021-05-01 22:27:25','484'),(485,'2021-05-01 22:27:25','485'),(486,'2021-05-01 22:27:25','486'),(487,'2021-05-01 22:27:25','487'),(488,'2021-05-01 22:27:25','488'),(489,'2021-05-01 22:27:25','489'),(490,'2021-05-01 22:27:25','490'),(491,'2021-05-01 22:27:25','491'),(492,'2021-05-01 22:27:25','492'),(493,'2021-05-01 22:27:25','493'),(494,'2021-05-01 22:27:25','494'),(495,'2021-05-01 22:27:25','495'),(496,'2021-05-01 22:27:25','496'),(497,'2021-05-01 22:27:25','497'),(498,'2021-05-01 22:27:25','498'),(499,'2021-05-01 22:27:25','499');
/*!40000 ALTER TABLE `testtable6` ENABLE KEYS */;
UNLOCK TABLES;

--
-- Dumping events for database 'test'
--

--
-- Dumping routines for database 'test'
--
/*!40103 SET TIME_ZONE=@OLD_TIME_ZONE */;

/*!40101 SET SQL_MODE=@OLD_SQL_MODE */;
/*!40014 SET FOREIGN_KEY_CHECKS=@OLD_FOREIGN_KEY_CHECKS */;
/*!40014 SET UNIQUE_CHECKS=@OLD_UNIQUE_CHECKS */;
/*!40101 SET CHARACTER_SET_CLIENT=@OLD_CHARACTER_SET_CLIENT */;
/*!40101 SET CHARACTER_SET_RESULTS=@OLD_CHARACTER_SET_RESULTS */;
/*!40101 SET COLLATION_CONNECTION=@OLD_COLLATION_CONNECTION */;
/*!40111 SET SQL_NOTES=@OLD_SQL_NOTES */;

-- Dump completed on 2021-05-08  1:42:49
